cluster,n,lat,lon,weighted_sum,peak_share,days_active,vol_n,wt_n,peak_n,days_n,impact_score
2,49795,12.972104299494253,77.57759220895734,44066.9,0.47834119891555377,152,1.0,1.0,0.47834119891555377,1.0,92.1751179837333
3,19865,12.981953839179011,77.60806568917424,16883.95,0.7274603574125346,151,0.398935636108043,0.3831435839598429,0.7274603574125346,0.993421052631579,53.107033592296716
31,8804,13.010306772864606,77.55329541719674,7836.9,0.615174920490686,151,0.17680490009037053,0.17784096453347067,0.615174920490686,0.993421052631579,36.54672518088392
34,8323,13.000537929300958,77.57106964454094,7205.2,0.5642196323441067,152,0.16714529571242093,0.16350594210166813,0.5642196323441067,1.0,35.01789104060096
5,8225,12.999149314274778,77.54923853926684,5942.1,0.48316109422492404,152,0.16517722662917964,0.1348427050688839,0.48316109422492404,1.0,32.596441415004605
53,5125,13.071030497041566,77.58841680125856,3053.55,0.8054634146341464,136,0.10292198011848579,0.06929350601017997,0.8054634146341464,0.8947368421052632,31.362403495052916
9,8540,12.933343946104046,77.69013450228341,7272.4,0.36042154566744733,129,0.1715031629681695,0.165030896205542,0.36042154566744733,0.8486842105263158,29.88291708017321
60,6453,12.974525556049775,77.54724105639956,3725.0,0.4957384162405083,150,0.12959132443016366,0.08453056602574721,0.4957384162405083,0.9868421052631579,29.507670196489787
23,4031,13.185442218107168,77.68010861506573,5803.0,0.36492185561895313,147,0.08095190280148609,0.13168614084494257,0.36492185561895313,0.9671052631578947,27.676409499495
27,3653,12.967262358395871,77.53782637422012,2596.55,0.5439364905557076,148,0.07336077919469826,0.05892291039306146,0.5439364905557076,0.9736842105263158,27.322050307793756
32,1912,12.928757876725943,77.58304143561715,1471.1,0.6171548117154811,146,0.03839742946078924,0.033383333068584355,0.6171548117154811,0.9605263157894737,26.152473119141373
16,1744,12.8418936688445,77.64582335470725,1284.5,0.739105504587156,122,0.03502359674666131,0.029148862298005986,0.739105504587156,0.8026315789473685,25.342718647337946
6,3469,13.008452270996198,77.69531924239098,3566.3,0.3070049005477083,151,0.06966562907922483,0.08092922352150934,0.3070049005477083,0.993421052631579,24.83352711092643
15,2019,12.93915430689001,77.69670241018359,2689.65,0.5720653789004457,127,0.040546239582287376,0.061035607224470066,0.5720653789004457,0.8355263157894737,24.771686896796215
42,3020,13.035347089781373,77.58903407130113,2164.85,0.42615894039735097,146,0.06064865950396626,0.049126441841835934,0.42615894039735097,0.9605263157894737,24.584796301594793
88,1922,12.944051204059749,77.57133521391386,1361.0,0.5202913631633714,143,0.03859825283663018,0.0308848591573267,0.5202913631633714,0.9407894736842105,24.3095545041057
102,1524,12.996264911132354,77.66854307145094,2057.9,0.49606299212598426,133,0.03060548247816046,0.04669945015419737,0.49606299212598426,0.875,23.352087362402475
25,2330,12.97338435462322,77.61827398636824,2654.65,0.3133047210300429,146,0.046791846570940855,0.060241360295369084,0.3133047210300429,0.9605263157894737,22.920875361235737
70,858,12.906574173297859,77.62992953751096,843.7,0.7412587412587412,104,0.01723064564715333,0.01914588954521421,0.7412587412587412,0.6842105263157895,22.664793964841127
24,1352,12.957889285315861,77.70160657955894,1134.95,0.46153846153846156,140,0.027151320413696153,0.025755158633804513,0.46153846153846156,0.9210526315789473,22.583612354524195
111,404,12.96095346559406,77.51171449257426,401.5,0.7797029702970297,104,0.008113264383974295,0.00911114691525839,0.7797029702970297,0.6842105263157895,22.56654625732185
26,849,12.97137935147232,77.59747361755007,774.8,0.6160188457008245,116,0.017049904608896476,0.017582357733355418,0.6160188457008245,0.7631578947368421,21.90244255416611
19,1223,12.995600062185142,77.69568560672046,1495.2,0.7612428454619787,85,0.024560698865347928,0.03393022881119389,0.7612428454619787,0.5592105263157895,21.900830695074717
80,1060,13.027870219558098,77.57468421785657,927.15,0.55,123,0.021287277839140476,0.021039601151884975,0.55,0.8092105263157895,21.868360275986458
68,1203,12.98570200064053,77.55437359540687,977.25,0.47880299251870323,129,0.024159052113666032,0.02217650889896952,0.47880299251870323,0.8486842105263158,21.524139965044046
84,1268,12.935481022555205,77.6152967628549,993.5,0.5512618296529969,117,0.02546440405663219,0.022545266401766403,0.5512618296529969,0.7697368421052632,21.480722854143522
74,1413,12.975710867993522,77.5598274290658,949.6,0.4677990092002831,129,0.028376343006325935,0.021549053824979746,0.4677990092002831,0.8486842105263158,21.46050073908795
81,736,12.956325473505434,77.58590867622283,675.05,0.4375,139,0.014780600461893764,0.015318753985417625,0.4375,0.9144736842105263,21.335773436431413
82,685,12.980411748054916,77.55670033193823,579.05,0.48905109489051096,131,0.01375640124510493,0.01314024812274065,0.48905109489051096,0.8618421052631579,21.20169996456781
219,952,12.970348530761854,77.64684685863486,1089.6,0.5577731092436975,113,0.01911838538005824,0.024726041541383668,0.5577731092436975,0.743421052631579,21.08050565118624
49,303,12.88859387181298,77.56267408056169,190.55,0.8745874587458746,72,0.006084948287980721,0.004324107209719767,0.8745874587458746,0.47368421052631576,20.57958777611107
67,1084,12.98565905790878,77.54956822407736,1147.45,0.46955719557195574,119,0.02176925394115875,0.026038818251340575,0.46955719557195574,0.7828947368421053,20.4814093344993
13,802,12.969736547592026,77.64022423579146,645.5,0.5610972568578554,110,0.01610603474244402,0.01464818264956237,0.5610972568578554,0.7236842105263158,20.340830359018383
125,1154,12.972090612626632,77.60731393173089,880.85,0.4800693240901213,117,0.023175017572045386,0.019988925928531392,0.4800693240901213,0.7697368421052632,20.241900057233387
72,711,12.96437648790436,77.55392357707454,631.25,0.48523206751054854,120,0.014278542022291394,0.014324810685571256,0.48523206751054854,0.7894736842105263,20.121934963907716
119,684,13.030113744466048,77.53741849251189,762.7,0.45760233918128657,123,0.013736318907520835,0.017307775223580513,0.45760233918128657,0.8092105263157895,20.106593558624986
29,697,12.911701692826398,77.63810338192252,430.65,0.6944045911047346,89,0.013997389296114068,0.009772641143352493,0.6944045911047346,0.5855263157894737,20.009790928030647
43,1290,12.95980748020069,77.64686277117816,1659.2,0.29767441860465116,133,0.02590621548348228,0.03765184299326706,0.29767441860465116,0.875,19.873376463304922
100,582,13.000300861168386,77.6113010524055,412.8,0.6254295532646048,97,0.011687920473943167,0.009367575209510993,0.6254295532646048,0.6381578947368421,19.679152342620437
4,876,12.99566022865297,77.61413913196347,540.85,0.5376712328767124,106,0.017592127723667035,0.012273384331550438,0.5376712328767124,0.6973684210526315,19.54429401391219
71,1229,12.953106460347776,77.54214568979887,1175.85,0.39788445890968266,119,0.024681192890852494,0.02668329290238251,0.39788445890968266,0.7828947368421053,19.519455439097694
64,710,12.988060971348528,77.53757305338463,585.65,0.6633802816901408,85,0.0142584596847073,0.013290020400799692,0.6633802816901408,0.5592105263157895,19.298216726662158
105,1904,12.981255353623949,77.59845303734244,1074.4,0.40388655462184875,112,0.03823677076011648,0.024381111446459817,0.40388655462184875,0.7368421052631579,19.233277478936987
174,300,12.9130767069015,77.67959097757618,245.1,0.6733333333333333,87,0.006024701275228437,0.005561997780647152,0.6733333333333333,0.5723684210526315,19.08874726527221
55,408,13.023950224466574,77.58499813450028,400.0,0.6078431372549019,94,0.008193593734310674,0.009077107761154063,0.6078431372549019,0.618421052631579,19.002854970772695
124,251,13.058411052318746,77.5922607479706,256.6,0.7330677290836654,77,0.005040666733607792,0.005822964628780332,0.7330677290836654,0.506578947368421,18.97883873394074
83,279,12.996637972855064,77.58430282447577,298.9,0.7813620071684588,69,0.005602972185962446,0.006782868774522373,0.7813620071684588,0.45394736842105265,18.96904455040244
7,851,12.912462916341191,77.63465579587903,498.8,0.5605170387779084,94,0.017090069284064664,0.011319153378159117,0.5605170387779084,0.618421052631579,18.649539584790613
217,365,13.007861218356163,77.52676970904109,582.25,0.5972602739726027,90,0.007330053218194598,0.013212864984829884,0.5972602739726027,0.5921052631578947,18.588899252896493
56,1232,12.977056323701298,77.57077376858766,1324.85,0.3425324675324675,116,0.02474143990360478,0.0300645155434124,0.3425324675324675,0.7631578947368421,18.53017925288428
1,442,12.957315351809955,77.51880778642534,396.4,0.6945701357466063,74,0.008876393212169896,0.008995413791303676,0.6945701357466063,0.4868421052631579,18.34729196316371
44,315,12.912064564938087,77.62590583593003,323.2,0.5619047619047619,95,0.006325936338989859,0.007334303071012483,0.5619047619047619,0.625,18.28672164158162
141,1085,12.971750041447464,77.6580920308111,808.25,0.447926267281106,102,0.021789336278742844,0.01834143086988193,0.447926267281106,0.6710526315789473,18.172020806058363
95,2251,12.963038226733564,77.71720003170445,2718.8,0.3282985339848956,95,0.04520534190179737,0.06169710145256417,0.3282985339848956,0.625,18.123522324929922
21,1669,12.926973931889679,77.67875668255805,2313.0,0.2079089275014979,119,0.0335174214278542,0.05248837562887337,0.2079089275014979,0.7828947368421053,17.96711263314461
62,686,13.063209887463556,77.5893430293003,709.0,0.5889212827988338,79,0.013776483582689025,0.016089173506645578,0.5889212827988338,0.5197368421052632,17.686733321307948
37,1557,12.948271017632733,77.69906679520466,2166.35,0.22607578676942838,114,0.031268199618435584,0.04916048099594026,0.22607578676942838,0.75,17.545602029932102
48,778,12.993634687293033,77.66268293507167,499.0,0.5218508997429306,89,0.015624058640425745,0.011323691932039694,0.5218508997429306,0.5855263157894737,17.532327669480424
79,46,12.893852654347826,77.5678181826087,46.5,0.9782608695652174,27,0.0009237875288683603,0.0010552137772341598,0.9782608695652174,0.17763157894736842,17.408308904644205
8,538,12.899741665985875,77.67546627104996,442.95,0.5650557620817844,82,0.010804297620242997,0.01005176220700798,0.5650557620817844,0.5394736842105263,17.29414111127227
210,95,12.938280511578947,77.59262326105262,93.0,0.7578947368421053,58,0.0019078220704890048,0.0021104275544683196,0.7578947368421053,0.3815789473684211,17.233757027451297
52,832,12.938365502199144,77.58445993775071,476.15,0.4543269230769231,96,0.016708504869966865,0.010805162151183767,0.4543269230769231,0.631578947368421,17.22204968882652
14,1038,13.005694239470511,77.68579434056805,881.0,0.5549132947976878,74,0.02084546641229039,0.019992329843941826,0.5549132947976878,0.4868421052631579,17.05138818703907
76,429,12.91698234657975,77.5735256768242,306.9,0.4382284382284382,100,0.008615322823576665,0.006964410929745454,0.4382284382284382,0.6578947368421053,16.97888374795527
38,1796,12.992416508443759,77.55344306941433,2075.75,0.13028953229398663,122,0.036067878301034244,0.04710451608803887,0.13028953229398663,0.8026315789473685,16.960033661172908
96,193,12.982430579737471,77.56300880742607,208.6,0.8290155440414507,42,0.0038758911537302944,0.004733711697441844,0.8290155440414507,0.27631578947368424,16.88559520523661
47,407,12.98368482524066,77.57756521456709,442.0,0.47174447174447176,92,0.008173511396726578,0.010030204076075239,0.47174447174447176,0.6052631578947368,16.801527949532936
118,441,12.87044485879535,77.65450230053848,366.35,0.6643990929705216,63,0.008856310874585802,0.008313496070746978,0.6643990929705216,0.4144736842105263,16.78132082678317
120,838,12.98943949176611,77.59972707315036,790.6,0.37589498806682575,100,0.016828998895471434,0.017940903489921008,0.37589498806682575,0.6578947368421053,16.729351980094947
73,752,13.191230380079787,77.64621023670213,1085.1,0.4321808510638298,89,0.015101917863239282,0.024623924079070682,0.4321808510638298,0.5855263157894737,16.703622001859557
22,1713,13.000357109702222,77.6769452160946,2236.85,0.15002918855808522,112,0.034401044281554376,0.050760321238843664,0.15002918855808522,0.7368421052631579,16.365513585319025
20,781,12.892068502180635,77.63795200097809,805.65,0.21895006402048656,120,0.01568430565317803,0.018282429669434427,0.21895006402048656,0.7894736842105263,16.32818257983791
167,137,12.948938810218978,77.59770350875912,111.0,0.8175182481751825,39,0.002751280249020986,0.0025188974037202525,0.8175182481751825,0.2565789473684211,16.294752236773494
40,269,12.945144301037336,77.59502685877322,174.75,0.5762081784386617,74,0.005402148810121498,0.003965561453154181,0.5762081784386617,0.4868421052631579,16.266441177957105
143,191,12.987428886816934,77.61871236598888,160.75,0.6910994764397905,57,0.0038357264785621047,0.003647862681513789,0.6910994764397905,0.375,16.252478448214273
66,187,12.978658004278074,77.62880470427807,250.7,0.6898395721925134,56,0.0037553971282257253,0.005689077289303309,0.6898395721925134,0.3684210526315789,16.214134377780287
69,100,12.906851360680555,77.54604286889979,106.75,0.85,32,0.0020082337584094788,0.0024224531337579906,0.85,0.21052631578947367,16.06503987494471
33,442,12.978269802629375,77.63980296489191,359.9,0.583710407239819,68,0.008876393212169896,0.008167127708098368,0.583710407239819,0.4473684210526316,16.05915932907579
144,118,12.931595279661018,77.5860600542373,101.5,0.7796610169491526,42,0.002369715834923185,0.0023033160943928435,0.7796610169491526,0.27631578947368424,16.002876215165962
61,500,13.0179677094,77.53159587239999,641.15,0.474,81,0.010041168792047394,0.014549469102659819,0.474,0.5328947368421053,15.986634880499395
226,89,12.96364006878747,77.73308626224964,105.6,0.9550561797752809,15,0.0017873280449844362,0.0023963564489446728,0.9550561797752809,0.09868421052631579,15.95557995383127
57,43,12.917065086046511,77.50018434883721,21.5,1.0,7,0.0008635405161160759,0.0004878945421620309,1.0,0.046052631578947366,15.736211470854174
132,121,12.990126207330206,77.50364293966942,106.4,0.6859504132231405,52,0.0024299628476754692,0.002414510664466981,0.6859504132231405,0.34210526315789475,15.590314457724471
188,124,12.940521178225808,77.52457681209677,111.5,0.8306451612903226,29,0.002490209860427754,0.0025302437884216953,0.8306451612903226,0.19078947368421054,15.497435571967696
323,47,12.8509053,77.65745645744681,23.5,1.0,4,0.0009438698664524551,0.0005332800809678012,1.0,0.02631578947368421,15.444384141337549
78,165,13.045863923030304,77.75032338727273,220.35,0.5272727272727272,73,0.0033135857013756403,0.005000351737925744,0.5272727272727272,0.48026315789473684,15.41245991807026
318,53,12.909563883018867,77.64453004150943,34.5,0.9811320754716981,5,0.001064363891957024,0.0007829005443995379,0.9811320754716981,0.03289473684210526,15.273649123241743
89,170,12.913234159411765,77.58578849764706,157.0,0.6176470588235294,58,0.0034139973892961142,0.0035627647962529698,0.6176470588235294,0.3815789473684211,15.23332060640826
160,192,12.920865790587648,77.66538736223696,163.0,0.4947916666666667,75,0.0038558088161461993,0.0036989214126702807,0.4947916666666667,0.4934210526315789,15.08682191046488
98,547,12.908057357769653,77.6007994308958,323.5,0.6416819012797075,49,0.01098503865849985,0.007341110901833349,0.6416819012797075,0.3223684210526316,15.083950430813415
11,136,12.9171045375,77.65172372426471,81.0,0.6323529411764706,54,0.002731197911436891,0.0018381143216336978,0.6323529411764706,0.35526315789473684,14.969701996276566
46,100,12.903650687664742,77.70420576811009,84.5,0.69,44,0.0020082337584094788,0.0019175390145437959,0.69,0.2894736842105263,14.829053836491932
51,855,13.047504778362573,77.57582493871345,610.0,0.3298245614035088,89,0.017170398634401045,0.013842589335759947,0.3298245614035088,0.5855263157894737,14.799078690357165
151,346,13.027456790462429,77.54286120924856,229.8,0.5433526011560693,63,0.006948488804096797,0.00521479840878301,0.5433526011560693,0.4144736842105263,14.78444088097316
280,79,12.922965343037975,77.65151491265823,81.0,0.7468354430379747,35,0.0015865046691434883,0.0018381143216336978,0.7468354430379747,0.23026315789473684,14.777598726930325
200,124,13.036659502419354,77.57475083870969,82.0,0.8629032258064516,17,0.002490209860427754,0.001860807091036583,0.8629032258064516,0.1118421052631579,14.77031854549844
59,110,12.971620185454544,77.50759661727272,122.2,0.6454545454545455,48,0.0022090571342504267,0.0027730564210325663,0.6454545454545455,0.3157894736842105,14.595854257950153
297,94,12.985495382978723,77.74574369042553,69.25,0.925531914893617,6,0.0018877397329049102,0.0015714742811497972,0.925531914893617,0.039473684210526314,14.594575149795288
196,231,12.98707840909091,77.5802814822511,234.1,0.5194805194805194,65,0.004639019981925896,0.0053123773172154155,0.5194805194805194,0.4276315789473684,14.558347168564712
158,158,13.057027163291139,77.5471306272152,136.75,0.5569620253164557,60,0.0031730093382869766,0.0031032362158445455,0.5569620253164557,0.39473684210526316,14.494802740108174
193,264,12.935980659469697,77.51794017083333,187.5,0.6060606060606061,51,0.005301737122201024,0.004254894263040967,0.6060606060606061,0.3355263157894737,14.453051711938866
75,477,12.968050855421348,77.58806919420908,391.1,0.3668763102725367,84,0.009579275027613214,0.008875142113468387,0.3668763102725367,0.5526315789473685,14.43500227366571
197,245,12.984403284897958,77.56009259959184,184.85,0.6244897959183674,48,0.004920172708103223,0.004194758424123321,0.6244897959183674,0.3157894736842105,14.419584562246696
110,90,13.05496275,77.50761111,86.5,0.6555555555555556,45,0.001807410382568531,0.0019629245533495663,0.6555555555555556,0.29605263157894735,14.406862100628581
129,53,12.920059649056602,77.61039931320755,42.5,0.8113207547169812,21,0.001064363891957024,0.0009644426996226192,0.8113207547169812,0.13815789473684212,14.312688366550963
122,469,12.876275866737739,77.59601135479744,292.5,0.582089552238806,51,0.009418616326940455,0.006637635050343909,0.582089552238806,0.3355263157894737,14.312301912246165
203,216,13.040039138734569,77.51858960694445,234.7,0.5092592592592593,64,0.004337784918164474,0.005325992978857146,0.5092592592592593,0.42105263157894735,14.297851629272317
294,40,12.884178654195566,77.59820111458222,22.5,0.925,3,0.0008032935033637916,0.0005105873115649161,0.925,0.019736842105263157,14.215574929142457
127,96,12.911808170833334,77.64454806979167,77.0,0.8229166666666666,17,0.0019279044080730996,0.0017473432440221572,0.8229166666666666,0.1118421052631579,14.149112440950448
17,2485,12.99264264169783,77.5889590957795,1347.45,0.16941649899396377,90,0.04990460889647555,0.030577372131917607,0.16941649899396377,0.5921052631578947,14.143059584448848
229,58,13.055035137931036,77.53470615517242,50.0,0.7068965517241379,35,0.0011647755798774976,0.0011346384701442578,0.7068965517241379,0.23026315789473684,14.137724450485218
85,51,12.983813656757146,77.52899385475212,35.0,0.7450980392156863,29,0.0010241992167888342,0.0007942469291009805,0.7450980392156863,0.19078947368421054,14.100808547166158
91,440,12.97916661216646,77.69513634739043,831.0,0.33181818181818185,82,0.008836228537001707,0.018857691373797565,0.33181818181818185,0.5394736842105263,14.088772501492574
94,352,12.930898687784092,77.60658818522728,202.25,0.4119318181818182,76,0.007068982829601366,0.004589612611733523,0.4119318181818182,0.5,14.074631262084653
104,187,12.989298867379677,77.5005980748663,103.05,0.7165775401069518,31,0.0037553971282257253,0.0023384898869673156,0.7165775401069518,0.20394736842105263,14.01407513724553
225,51,12.969750917647058,77.70043658235295,54.85,0.8235294117647058,16,0.0010241992167888342,0.001244698401748251,0.8235294117647058,0.10526315789473684,14.012402457465233
115,150,12.896655932666667,77.720044262,134.05,0.5066666666666667,62,0.0030123506376142184,0.0030419657384567556,0.5066666666666667,0.40789473684210525,13.930470201298276
10,241,12.988826742420658,77.5922223312335,201.2,0.43568464730290457,71,0.004839843357766844,0.004565785203860494,0.43568464730290457,0.46710526315789475,13.869675365799417
130,244,12.957800464580304,77.58173270346893,217.25,0.5532786885245902,52,0.004900090370519129,0.004930004152776801,0.5532786885245902,0.34210526315789475,13.774962152463917
149,133,12.988307180451127,77.57693656541353,123.5,0.6090225563909775,45,0.002670950898684607,0.002802557021256317,0.6090225563909775,0.29605263157894735,13.768358627359662
263,246,12.96105763542905,77.63696215318839,221.55,0.4715447154471545,63,0.004940255045687318,0.005027583061209207,0.4715447154471545,0.4144736842105263,13.639586968684197
185,50,13.002434068855987,77.75719680663555,42.2,0.8,15,0.0010041168792047394,0.0009576348688017537,0.8,0.09868421052631579,13.54869205902295
140,159,13.022416925176932,77.63839449605744,91.0,0.6918238993710691,30,0.0031930916758710712,0.0020650420156625494,0.6918238993710691,0.19736842105263158,13.516279237258145
12,476,12.996331275420168,77.56313182394959,298.5,0.6071428571428571,39,0.00955919269002912,0.0067737916667612195,0.6071428571428571,0.2565789473684211,13.513554515040497
195,159,13.0276887918239,77.58602284402517,147.0,0.49056603773584906,60,0.0031930916758710712,0.0033358371022241184,0.49056603773584906,0.39473684210526316,13.50876943198178
237,93,13.041907003225807,77.51449462258064,89.95,0.6559139784946236,35,0.0018676573953208154,0.00204121460778952,0.6559139784946236,0.23026315789473684,13.430335352011614
290,64,13.0028927234375,77.5259918,110.0,0.671875,32,0.0012852696053820664,0.0024962046343173674,0.671875,0.21052631578947367,13.374426010376261
133,302,13.093671654635761,77.5942238165563,176.1,0.6390728476821192,34,0.006064865950396626,0.003996196691848076,0.6390728476821192,0.2236842105263158,13.283149719312345
126,782,12.96083267767368,77.52825047690376,412.1,0.7033248081841432,19,0.015704387990762125,0.009351690270928975,0.7033248081841432,0.125,13.270071373322171
123,351,12.970583272649572,77.54633714786326,221.95,0.49002849002849,55,0.007048900492017271,0.00503666016897036,0.49002849002849,0.3618421052631579,13.190992350894051
113,163,12.991858781595091,77.53841097055215,125.0,0.6871165644171779,27,0.0032734210262074506,0.0028365961753606447,0.6871165644171779,0.17763157894736842,13.182888628268847
307,40,12.904633095,77.5857028925,35.5,0.775,15,0.0008032935033637916,0.0008055933138024231,0.775,0.09868421052631579,13.161585695547748
0,403,12.925209726271026,77.61884375302668,449.5,0.41935483870967744,63,0.0080931820463902,0.010200399846596878,0.41935483870967744,0.4144736842105263,13.15823929905864
208,182,12.963596304771203,77.6415019779399,166.0,0.5659340659340659,44,0.0036549854403052514,0.003766999720878936,0.5659340659340659,0.2894736842105263,13.091445804213198
77,145,12.916932714934767,77.67301560655171,133.4,0.4689655172413793,59,0.0029119389496937444,0.00302721543834488,0.4689655172413793,0.3881578947368421,13.065297965697928
311,41,13.000520714634145,77.61500813902438,25.5,0.7804878048780488,13,0.0008233758409478863,0.0005786656197735716,0.7804878048780488,0.08552631578947369,13.038059710032215
41,291,12.926725605841924,77.55080018900344,180.65,0.6048109965635738,36,0.0058439602369715835,0.004099448792631204,0.6048109965635738,0.23684210526315788,12.964093286215373
202,258,12.84068989333957,77.67669503286199,205.45,0.624031007751938,33,0.005181243096696456,0.004662229473822756,0.624031007751938,0.21710526315789475,12.958970535501294
157,414,12.941670589647948,77.56709747847799,354.0,0.27294685990338163,84,0.008314087759815243,0.008033240368621346,0.27294685990338163,0.5526315789473685,12.954428830300563
169,137,13.099632316058395,77.58864032627737,86.5,0.6861313868613139,25,0.002751280249020986,0.0019629245533495663,0.6861313868613139,0.16447368421052633,12.920131455682215
63,124,12.926598747580647,77.60894333548386,260.1,0.4838709677419355,54,0.002490209860427754,0.0059023893216904304,0.4838709677419355,0.35526315789473684,12.897813753230537
248,59,13.0687408,77.53006992372882,39.5,0.7627118644067796,14,0.0011848579174615925,0.0008963643914139637,0.7627118644067796,0.09210526315789473,12.89365722665052
222,239,12.966377945606695,77.64152624518829,245.95,0.5774058577405857,39,0.004799678682598655,0.005581286634639604,0.5774058577405857,0.2565789473684211,12.877013902498646
213,118,12.955241098305084,77.57990209745763,94.4,0.576271186440678,41,0.002369715834923185,0.002142197431632359,0.576271186440678,0.26973684210526316,12.846899800502106
223,86,12.954665091860464,77.59309349186046,80.05,0.5581395348837209,44,0.0017270810322321517,0.0018165561907009567,0.5581395348837209,0.2894736842105263,12.838672965008712
209,158,13.01531259665254,77.55518137592136,222.75,0.5632911392405063,41,0.0031730093382869766,0.005054814384492669,0.5632911392405063,0.26973684210526316,12.792802575714857
300,35,12.99287631142857,77.57285770857143,31.5,0.7428571428571429,16,0.0007028818154433176,0.0007148222361908824,0.7428571428571429,0.10526315789473684,12.77148385518913
236,75,12.8408905,77.65023742,69.9,0.6,37,0.0015061753188071092,0.0015862245812616727,0.6,0.24342105263157895,12.759950032288364
246,81,12.975042908641974,77.60415929753086,57.5,0.7037037037037037,21,0.001626669344311678,0.0013048342406658967,0.7037037037037037,0.13815789473684212,12.728917426564173
103,186,13.045398076881721,77.50719658225806,161.35,0.34408602150537637,74,0.0037353147906416307,0.00366147834315552,0.34408602150537637,0.4868421052631579,12.722440478973486
227,47,12.900301593617021,77.58586302765957,36.5,0.6382978723404256,31,0.0009438698664524551,0.0008282860832053082,0.6382978723404256,0.20394736842105263,12.695126150743958
146,579,12.97144030182486,77.71197762213498,733.15,0.22452504317789293,84,0.011627673461190882,0.016637203887725254,0.22452504317789293,0.5526315789473685,12.671667691223659
39,106,13.053892916037736,77.59274371981132,59.0,0.7830188679245284,8,0.002128727783914048,0.0013388733947702243,0.7830188679245284,0.05263157894736842,12.652173472386682
109,496,12.91368700342742,77.60652466895162,342.5,0.5060483870967742,45,0.009960839441711016,0.007772273520488167,0.5060483870967742,0.29605263157894735,12.64123140420668
108,185,12.930637865945947,77.60981415621622,298.25,0.42162162162162165,60,0.003715232453057536,0.006768118474410499,0.42162162162162165,0.39473684210526316,12.627558668471417
295,45,12.983206002222222,77.75210906222222,36.5,0.7555555555555555,12,0.0009037051912842655,0.0008282860832053082,0.7555555555555555,0.07894736842105263,12.577786458715861
267,59,12.96836163441463,77.70133218253305,66.05,0.6610169491525424,26,0.0011848579174615925,0.0014988574190605646,0.6610169491525424,0.17105263157894737,12.576543745258617
162,356,12.951413060671952,77.71749778635579,469.2,0.5140449438202247,42,0.007149312179937745,0.010647447403833716,0.5140449438202247,0.27631578947368424,12.495788260960113
215,48,12.903515704166667,77.64208810625,81.0,0.7708333333333334,8,0.0009639522040365498,0.0018381143216336978,0.7708333333333334,0.05263157894736842,12.45441682319697
136,206,12.980034089805825,77.59302768446602,174.85,0.5048543689320388,46,0.004136961542323526,0.00396783073009447,0.5048543689320388,0.3026315789473684,12.395111293664593
319,40,12.999326682500001,77.5837767475,23.5,0.775,7,0.0008032935033637916,0.0005332800809678012,0.775,0.046052631578947366,12.361219482023834
207,465,12.885647921311849,77.64155905232134,514.0,0.17634408602150536,89,0.009338286976604077,0.01166408347308297,0.17634408602150536,0.5855263157894737,12.174767975386127
291,71,12.996067509859156,77.61693232676056,80.45,0.647887323943662,23,0.00142584596847073,0.001825633298462111,0.647887323943662,0.1513157894736842,12.103847412252797
183,65,13.006309741538463,77.59299927538461,61.2,0.5230769230769231,42,0.0013053519429661613,0.0013887974874565716,0.5230769230769231,0.27631578947368424,12.085603146046358
238,43,12.99056438139535,77.61214196511628,44.0,0.7674418604651163,5,0.0008635405161160759,0.000998481853726947,0.7674418604651163,0.03289473684210526,12.070894449240884
240,65,12.970232345491153,77.61017458223897,61.5,0.6307692307692307,24,0.0013053519429661613,0.0013956053182774372,0.6307692307692307,0.15789473684210525,11.924944285190122
184,100,12.951582209000001,77.607579767,102.0,0.63,23,0.0020082337584094788,0.0023146624790942863,0.63,0.1513157894736842,11.87257035402132
224,67,12.894400776789078,77.65723179087996,57.75,0.5671641791044776,32,0.001345516618134351,0.0013105074330166178,0.5671641791044776,0.21052631578947367,11.758143219273965
252,58,12.90592151724138,77.54236541379309,48.0,0.5862068965517241,29,0.0011647755798774976,0.0010892529313384876,0.5862068965517241,0.19078947368421054,11.733458938188884
216,97,12.937215561101231,77.62706816613594,54.0,0.4020618556701031,56,0.0019479867456571945,0.0012254095477557986,0.4020618556701031,0.3684210526315789,11.66469960880518
288,66,13.060429112121213,77.65208788636365,52.0,0.7121212121212122,9,0.001325434280550256,0.0011800240089500282,0.7121212121212122,0.05921052631578947,11.656940065329534
138,315,13.01882442621186,77.55788706413546,271.3,0.31746031746031744,65,0.006325936338989859,0.006156548339002744,0.31746031746031744,0.4276315789473684,11.612418469845093
201,120,12.99828935,77.58175259916668,77.1,0.6,25,0.0024098805100913746,0.0017496125209624455,0.6,0.16447368421052633,11.609386179299133
97,1188,12.961987409427609,77.59818850496633,625.0,0.2196969696969697,71,0.023857817049904608,0.014182980876803223,0.2196969696969697,0.46710526315789475,11.585087239392234
134,141,12.925448310638298,77.63376149716312,161.15,0.4326241134751773,49,0.002831609599357365,0.0036569397892749433,0.4326241134751773,0.3223684210526316,11.556113897468851
259,62,12.976117556451614,77.53147134032258,48.5,0.6451612903225806,18,0.001245104930213877,0.0011005993160399302,0.6451612903225806,0.11842105263157894,11.535112264860407
192,78,12.966865301282052,77.6582048897436,88.55,0.7051282051282052,8,0.0015664223315593935,0.0020094447306254807,0.7051282051282052,0.05263157894736842,11.493767220305404
135,104,12.920100804497213,77.6209796357488,127.0,0.47115384615384615,43,0.002088563108745858,0.002881981714166415,0.47115384615384615,0.28289473684210525,11.488664906768303
233,586,12.93233832098976,77.63173730955631,476.1,0.45563139931740615,39,0.011768249824279545,0.010804027512713624,0.45563139931740615,0.2565789473684211,11.46836379552434
254,134,13.04008715,77.58965011044776,118.5,0.43283582089552236,48,0.002691033236268702,0.0026890931742418914,0.43283582089552236,0.3157894736842105,11.417674142753729
211,44,12.820329927272725,77.68748887045454,36.0,0.7045454545454546,8,0.0008836228537001707,0.0008169396985038657,0.7045454545454546,0.05263157894736842,11.416841775943503
139,409,13.050038394621028,77.59313590684597,346.7,0.3154034229828851,62,0.00821367607189477,0.007867583151980283,0.3154034229828851,0.40789473684210525,11.41058600561091
121,183,13.00853967377049,77.54302701639345,146.3,0.3551912568306011,59,0.0036750677778893464,0.0033199521636420987,0.3551912568306011,0.3881578947368421,11.393287393394012
287,45,12.875980586666666,77.61669127555555,33.0,0.5777777777777777,27,0.0009037051912842655,0.0007488613902952102,0.5777777777777777,0.17763157894736842,11.388205962227529
128,42,13.02640954047619,77.72057378095238,42.0,0.5952380952380952,24,0.0008434581785319811,0.0009530963149211767,0.5952380952380952,0.15789473684210525,11.360420079155814
289,41,13.06879189512195,77.6259800804878,23.35,0.6829268292682927,10,0.0008233758409478863,0.0005298761655573685,0.6829268292682927,0.06578947368421052,11.276640866138282
282,51,12.997646333333332,77.55930422156862,43.1,0.6274509803921569,18,0.0010241992167888342,0.0009780583612643504,0.6274509803921569,0.11842105263157894,11.257928806310275
65,59,12.912007879661017,77.6516397762712,35.0,0.5932203389830508,23,0.0011848579174615925,0.0007942469291009805,0.5932203389830508,0.1513157894736842,11.235357541538912
251,78,12.938564824080705,77.57999907789002,68.5,0.5769230769230769,24,0.0015664223315593935,0.0015544547040976333,0.5769230769230769,0.15789473684210525,11.131438064588417
150,79,12.881804251898734,77.59586941265822,63.5,0.43037974683544306,46,0.0015865046691434883,0.0014409908570832074,0.43037974683544306,0.3026315789473684,11.100404661099805
310,51,12.875757101960785,77.67111300196079,56.75,0.6274509803921569,16,0.0010241992167888342,0.0012878146636137327,0.6274509803921569,0.10526315789473684,11.072950637351619
232,68,13.24495709117647,77.71296330294118,62.2,0.5588235294117647,26,0.0013655989557184456,0.001411490256859457,0.5588235294117647,0.17105263157894737,11.04556999380661
45,183,12.936766274863388,77.60170362131147,221.75,0.16939890710382513,82,0.0036750677778893464,0.0050321216150897834,0.16939890710382513,0.5394736842105263,10.944625767655545
286,61,12.954059004918033,77.5911734409836,58.25,0.4262295081967213,45,0.0012250225926297821,0.0013218538177180604,0.4262295081967213,0.29605263157894735,10.923856927122644
186,90,12.909637500838716,77.5501071750421,110.3,0.5222222222222223,29,0.001807410382568531,0.002503012465138233,0.5222222222222223,0.19078947368421054,10.849518248679077
159,83,13.059988294007786,77.57660792014177,86.0,0.4578313253012048,39,0.0016668340194798674,0.0019515781686481235,0.4578313253012048,0.2565789473684211,10.844222237374709
239,171,12.961012763157894,77.58695808830409,185.15,0.4152046783625731,44,0.003434079726880209,0.004201566254944187,0.4152046783625731,0.2894736842105263,10.841260480600665
296,82,13.07180152317073,77.63372829512195,85.65,0.4878048780487805,34,0.0016467516818957726,0.0019436356993571139,0.4878048780487805,0.2236842105263158,10.799484307057602
190,67,12.951785146600638,77.57690429537314,55.25,0.582089552238806,20,0.001345516618134351,0.0012537755095094049,0.582089552238806,0.13157894736842105,10.795544013032812
58,524,12.987609369847329,77.73460234160305,364.85,0.45038167938931295,34,0.010523144894065669,0.00827945691664265,0.45038167938931295,0.2236842105263158,10.757860972222108
178,168,13.050934553571429,77.5526929077381,137.7,0.40476190476190477,45,0.0033738327141279245,0.003124794346777286,0.40476190476190477,0.29605263157894735,10.738424800407712
214,79,12.924201283061977,77.67330724830687,84.75,0.5316455696202531,25,0.0015865046691434883,0.0019232122068945172,0.5316455696202531,0.16447368421052633,10.566312435811778
230,205,13.121539685073172,77.63117647195122,301.65,0.4146341463414634,40,0.0041168792047394315,0.0068452738903803075,0.4146341463414634,0.2631578947368421,10.564197947931978
221,93,13.022223488172042,77.53274553870968,114.05,0.3655913978494624,49,0.0018676573953208154,0.002588110350399052,0.3655913978494624,0.3223684210526316,10.478951419406995
117,333,13.02275924174174,77.59285529219218,247.25,0.4294294294294294,36,0.006687418415503564,0.005610787234863355,0.4294294294294294,0.23684210526315788,10.419127062248451
181,85,12.919646505882353,77.58366958941177,78.5,0.38823529411764707,45,0.0017069986946480571,0.0017813823981264849,0.38823529411764707,0.29605263157894735,10.386784142213418
316,31,13.049040638709679,77.4969911236559,44.5,0.5483870967741935,21,0.0006225524651069385,0.0010098282384283896,0.5483870967741935,0.13815789473684212,10.357244576155878
277,27,12.92593307037037,77.6172467037037,26.5,0.5925925925925926,14,0.0005422231147705593,0.0006013583891764567,0.5925925925925926,0.09210526315789473,10.310788865267483
99,89,12.932007383641977,77.51568739958786,107.0,0.47191011235955055,31,0.0017873280449844362,0.0024281263261087117,0.47191011235955055,0.20394736842105263,10.288607106102928
137,356,12.977165089606743,77.58994862022472,281.05,0.2752808988764045,57,0.007149312179937745,0.006377802840680874,0.2752808988764045,0.375,10.223804962171435
166,78,12.944726033333334,77.59707934487179,82.5,0.48717948717948717,28,0.0015664223315593935,0.0018721534757380255,0.48717948717948717,0.18421052631578946,10.192729011405453
87,289,13.003785645514116,77.55344828062361,224.0,0.3044982698961938,53,0.005803795561803394,0.005083180346246275,0.3044982698961938,0.34868421052631576,10.175178287041597
212,59,13.099272710676603,77.59741940536394,50.75,0.5254237288135594,22,0.0011848579174615925,0.0011516580471964217,0.5254237288135594,0.14473684210526316,10.134020623194044
312,84,13.001384754761906,77.59539454047619,81.5,0.5833333333333334,12,0.0016869163570639623,0.0018494607063351404,0.5833333333333334,0.07894736842105263,10.058796445281114
36,117,12.962434176923077,77.58962185213674,140.5,0.3076923076923077,53,0.0023496334973390903,0.0031883341011053647,0.3076923076923077,0.34868421052631576,10.043670142243739
231,80,12.9891821675,77.50780170750001,73.5,0.4625,30,0.0016065870067275831,0.0016679185511120592,0.4625,0.19736842105263158,10.012940668035784
298,65,12.951833618461537,77.59065498153846,60.5,0.47692307692307695,28,0.0013053519429661613,0.0013729125488745521,0.47692307692307695,0.18421052631578946,10.011081108826964
116,607,13.097062733113674,77.59952370988468,568.25,0.039538714991762765,86,0.012189978913545537,0.012895166213189492,0.039538714991762765,0.5657894736842105,9.961428846073545
198,66,12.947155290909091,77.5907693469697,74.5,0.5303030303030303,19,0.001325434280550256,0.0016906113205149443,0.5303030303030303,0.125,9.93693293578256
177,205,13.05048904097561,77.52553097804878,102.5,0.4878048780487805,24,0.0041168792047394315,0.0023260088637957286,0.4878048780487805,0.15789473684210525,9.902040954057298
35,156,12.90682449994877,77.69664633649812,131.5,0.46794871794871795,27,0.003132844663118787,0.0029840991764793984,0.46794871794871795,0.17763157894736842,9.897053760394035
235,165,12.948114512727273,77.57997643030302,104.55,0.40606060606060607,36,0.0033135857013756403,0.002372529041071643,0.40606060606060607,0.23684210526315788,9.837849402540593
220,151,12.917337047019867,77.57823522251655,147.45,0.31125827814569534,50,0.003032432975198313,0.003346048848455416,0.31125827814569534,0.32894736842105265,9.827899641695385
106,94,13.006904536170213,77.57891770638298,87.7,0.44680851063829785,30,0.0018877397329049102,0.0019901558766330283,0.44680851063829785,0.19736842105263158,9.79889240241641
28,45,12.919608211111111,77.64507710666666,45.0,0.5111111111111111,20,0.0009037051912842655,0.0010211746231298321,0.5111111111111111,0.13157894736842105,9.708309017856703
260,65,12.942229533846154,77.74722662153847,77.1,0.46153846153846156,27,0.0013053519429661613,0.0017496125209624455,0.46153846153846156,0.17763157894736842,9.696695666414932
206,121,12.972481866115704,77.62611138595041,116.1,0.2809917355371901,53,0.0024299628476754692,0.002634630527674967,0.2809917355371901,0.34868421052631576,9.62342329748985
249,44,13.00710800681818,77.75729448863636,45.0,0.4772727272727273,24,0.0008836228537001707,0.0010211746231298321,0.4772727272727273,0.15789473684210525,9.594867632258685
309,154,12.992613865584415,77.55808503831169,109.5,0.512987012987013,17,0.0030926799879505973,0.0024848582496159247,0.512987012987013,0.1118421052631579,9.564611503375717
262,41,12.918136970731707,77.67109424146341,43.25,0.4878048780487805,22,0.0008233758409478863,0.0009814622766747831,0.4878048780487805,0.14473684210526316,9.552085568606081
165,172,12.98699735432125,77.51925923017319,95.0,0.45930232558139533,25,0.0034541620644643035,0.00215581309327409,0.45930232558139533,0.16447368421052633,9.546497532543718
93,96,12.818478463541666,77.68921951041666,81.1,0.4479166666666667,26,0.0019279044080730996,0.001840383598573986,0.4479166666666667,0.17105263157894737,9.415991949869362
163,51,12.982691935294119,77.60142656078432,46.7,0.5490196078431373,9,0.0010241992167888342,0.001059752331114737,0.5490196078431373,0.05921052631578947,9.196568082132154
180,73,12.959365737218487,77.65606146269639,84.6,0.4246575342465753,27,0.0014660106436389195,0.0019198082914840843,0.4246575342465753,0.17763157894736842,9.155109348877687
304,52,12.957993784615384,77.56736136538461,56.0,0.5,15,0.001044281554372929,0.0012707950865615688,0.5,0.09868421052631579,9.062423407988387
303,53,12.956352055309411,77.73208726216455,59.5,0.4716981132075472,18,0.001064363891957024,0.0013502197794716668,0.4716981132075472,0.11842105263157894,8.937727195524468
284,42,12.998623952380951,77.55582901904761,33.0,0.5,14,0.0008434581785319811,0.0007488613902952102,0.5,0.09210526315789473,8.93683714833619
320,43,12.94781115116279,77.53426568604651,54.6,0.4418604651162791,22,0.0008635405161160759,0.0012390252093975296,0.4418604651162791,0.14473684210526316,8.874426832182516
187,67,12.991886646268657,77.59442664477612,49.0,0.44776119402985076,21,0.001345516618134351,0.0011119457007413727,0.44776119402985076,0.13815789473684212,8.873629658074078
171,82,12.955702168292682,77.54604214512194,120.1,0.36585365853658536,32,0.0016467516818957726,0.0027254016052865072,0.36585365853658536,0.21052631578947367,8.804118229559219
253,58,13.050164687931034,77.4945176586207,50.5,0.3275862068965517,37,0.0011647755798774976,0.0011459848548457006,0.3275862068965517,0.24342105263157895,8.645891554512113
161,167,12.917047632934132,77.59620833652694,172.1,0.3473053892215569,32,0.0033537503765438295,0.0039054256142365355,0.3473053892215569,0.21052631578947367,8.624305111031234
272,31,13.003779496774193,77.56927960967741,29.5,0.5161290322580645,8,0.0006225524651069385,0.0006694366973851121,0.5161290322580645,0.05263157894736842,8.576863209930105
86,556,12.995341127877698,77.61024783758992,483.7,0.11870503597122302,61,0.011165779696756702,0.010976492560175551,0.11870503597122302,0.40131578947368424,8.574345474983332
148,61,12.960447832786887,77.60158893606557,44.6,0.4262295081967213,21,0.0012250225926297821,0.001012097515368678,0.4262295081967213,0.13815789473684212,8.543045622397091
114,249,13.033916603484512,77.55778254553181,230.85,0.3132530120481928,35,0.0050005020584396025,0.005238625816656038,0.3132530120481928,0.23026315789473684,8.512302643563373
243,263,12.931217335363984,77.69538689525676,549.95,0.33840304182509506,28,0.00528165478461693,0.012479888533116693,0.33840304182509506,0.18421052631578946,8.496848706976444
50,95,12.961145043157895,77.58385941368421,89.25,0.37894736842105264,27,0.0019078220704890048,0.0020253296692075004,0.37894736842105264,0.17763157894736842,8.486932059409286
324,24,12.954343558333333,77.58983992916667,20.0,0.4583333333333333,16,0.0004819761020182749,0.0004538553880577032,0.4583333333333333,0.10526315789473684,8.486560867003908
189,49,13.045595657142856,77.62711615918367,26.5,0.4897959183673469,11,0.0009840345416206446,0.0006013583891764567,0.4897959183673469,0.07236842105263158,8.486040463115355
250,121,12.98108929636741,77.58836786852453,115.0,0.32231404958677684,34,0.0024299628476754692,0.0026096684813317933,0.32231404958677684,0.2236842105263158,8.367259526379925
30,77,12.916408605194805,77.63822434675325,65.75,0.2727272727272727,42,0.0015463399939752986,0.0014920495882396992,0.2727272727272727,0.27631578947368424,8.3417181163632
283,50,12.910334594,77.685702252,52.0,0.36,29,0.0010041168792047394,0.0011800240089500282,0.36,0.19078947368421054,8.3391665719973
241,211,12.926633320782983,77.69482790481466,336.85,0.26066350710900477,40,0.004237373230244,0.007644059373361866,0.26066350710900477,0.2631578947368421,8.290204599529497
292,84,12.897467696112093,77.63481860467789,101.5,0.4166666666666667,19,0.0016869163570639623,0.0023033160943928435,0.4166666666666667,0.125,8.267740134487633
172,148,12.999316968918919,77.62485452770271,151.0,0.32432432432432434,28,0.0029721859624460287,0.0034266081798356588,0.32432432432432434,0.18421052631578946,7.854252665668514
276,46,12.938123882608695,77.74679033913044,46.95,0.34782608695652173,26,0.0009237875288683603,0.0010654255234654583,0.34782608695652173,0.17105263157894737,7.8535114248367055
279,54,12.981150261168784,77.63049738444444,83.85,0.4074074074074074,16,0.0010844462295411185,0.0019027887144319204,0.4074074074074074,0.10526315789473684,7.798703414995672
255,91,13.144228375824175,77.61786058241758,77.0,0.3956043956043956,17,0.0018274927201526257,0.0017473432440221572,0.3956043956043956,0.1118421052631579,7.736416024378768
175,57,13.016119557894736,77.5499151894737,65.5,0.2982456140350877,32,0.001144693242293403,0.0014863763958889778,0.2982456140350877,0.21052631578947367,7.725374800472781
205,142,12.940250478169014,77.57298243802816,96.5,0.3591549295774648,21,0.00285169193694146,0.0021898522473784176,0.3591549295774648,0.13815789473684212,7.632837212717986
266,45,12.938467044444444,77.53352380222222,40.5,0.4222222222222222,12,0.0009037051912842655,0.0009190571608168489,0.4222222222222222,0.07894736842105263,7.581417301820323
273,62,12.967082001612903,77.59999379677419,58.5,0.3225806451612903,26,0.001245104930213877,0.0013275270100687817,0.3225806451612903,0.17105263157894737,7.494953379412733
317,40,13.014128125,77.4918113625,39.0,0.425,8,0.0008032935033637916,0.0008850180067125212,0.425,0.05263157894736842,7.223973209579941
131,49,13.011014546938775,77.5836038755102,53.0,0.3877551020408163,13,0.0009840345416206446,0.0012027167783529133,0.3877551020408163,0.08552631578947369,7.176850974837086
306,68,12.855208297058823,77.66467745147058,71.75,0.35294117647058826,18,0.0013655989557184456,0.0016282062046570102,0.35294117647058826,0.11842105263157894,7.176529653390341
281,77,12.976167959740259,77.59937344805195,58.0,0.38961038961038963,12,0.0015463399939752986,0.0013161806253673392,0.38961038961038963,0.07894736842105263,7.127403795305585
182,70,12.986143438571428,77.73364258714287,37.75,0.34285714285714286,19,0.0014057636308866352,0.0008566520449589147,0.34285714285714286,0.125,7.094296133582098
305,43,12.940355158139536,77.6201042372093,33.5,0.4186046511627907,7,0.0008635405161160759,0.0007602077749966528,0.4186046511627907,0.046052631578947366,7.02617376760942
154,87,12.942164483908046,77.62233544137932,74.05,0.2413793103448276,33,0.0017471633698162466,0.001680399574283646,0.2413793103448276,0.21710526315789475,6.996899486606669
142,45,12.966901902222222,77.54731827777778,53.5,0.28888888888888886,26,0.0009037051912842655,0.0012140631630543559,0.28888888888888886,0.17105263157894737,6.974796489278246
92,84,12.999033419047619,77.68800468095239,96.6,0.21428571428571427,36,0.0016869163570639623,0.002192121524318706,0.21428571428571427,0.23684210526315788,6.90520964491775
261,57,12.974103268421052,77.50911452631578,57.0,0.22807017543859648,34,0.001144693242293403,0.001293487855964454,0.22807017543859648,0.2236842105263158,6.862396100981064
302,60,12.950541056666667,77.52192117666667,115.0,0.38333333333333336,7,0.0012049402550456873,0.0026096684813317933,0.38333333333333336,0.046052631578947366,6.581324420588854
176,55,12.960292849090909,77.56256672181817,90.75,0.34545454545454546,13,0.0011045285671252133,0.0020593688233118282,0.34545454545454546,0.08552631578947369,6.580223528606517
90,275,12.876007728727272,77.64787132436363,321.0,0.10181818181818182,46,0.005522642835626067,0.007284378978326136,0.10181818181818182,0.3026315789473684,6.52380085568508
271,40,13.04874705375,77.49827855999999,23.55,0.375,8,0.0008032935033637916,0.0005344147194379455,0.375,0.05263157894736842,6.4599490780889575
315,48,12.968815933333333,77.60174524583333,55.6,0.3125,17,0.0009639522040365498,0.0012617179788004147,0.3125,0.1118421052631579,6.444518864220481
147,85,13.099081924705883,77.57706709529411,68.5,0.29411764705882354,19,0.0017069986946480571,0.0015544547040976333,0.29411764705882354,0.125,6.4001528548857
285,40,12.9738292675,77.61096187,35.55,0.3,18,0.0008032935033637916,0.0008067279522725673,0.3,0.11842105263157894,6.3326837126655
247,58,12.972014908620691,77.59394212413794,47.0,0.3103448275862069,16,0.0011647755798774976,0.0010665601619356023,0.3103448275862069,0.10526315789473684,6.311725456087905
218,56,13.005606744642858,77.58065314464285,67.0,0.32142857142857145,14,0.0011246109047093082,0.0015204155499933057,0.32142857142857145,0.09210526315789473,6.297562467938005
314,49,13.003523763265306,77.66275438163265,24.5,0.3877551020408163,4,0.0009840345416206446,0.0005559728503706864,0.3877551020408163,0.02631578947368421,6.262823322980955
173,172,12.938248444540223,77.5769177183956,179.5,0.10465116279069768,44,0.0034541620644643035,0.004073352107817886,0.10465116279069768,0.2894736842105263,6.178431651265005
301,59,12.94918634576271,77.57687952542372,45.05,0.2711864406779661,20,0.0011848579174615925,0.0010223092615999764,0.2711864406779661,0.13157894736842105,6.117918928683654
155,136,12.88076656572475,77.64504666801774,153.0,0.15441176470588236,36,0.002731197911436891,0.003471993718641429,0.15441176470588236,0.23684210526315788,6.089623735624368
164,50,12.993399693999999,77.573996958,30.6,0.28,18,0.0010041168792047394,0.0006943987437282858,0.28,0.11842105263157894,6.034215245598959
270,116,12.956847645689656,77.57515261724137,65.5,0.23275862068965517,24,0.0023295511597549953,0.0014863763958889778,0.23275862068965517,0.15789473684210525,5.989141953604616
269,47,13.050022236170213,77.63019602127659,25.5,0.3617021276595745,5,0.0009438698664524551,0.0005786656197735716,0.3617021276595745,0.03289473684210526,5.970415688309713
299,70,13.007137525714285,77.62158840714285,65.5,0.35714285714285715,5,0.0014057636308866352,0.0014863763958889778,0.35714285714285715,0.03289473684210526,5.952191874536594
191,103,12.935605608737863,77.60816024660194,144.1,0.1650485436893204,33,0.002068480771161763,0.003270028070955751,0.1650485436893204,0.21710526315789475,5.925162648681309
264,85,12.936550185882352,77.60597328,111.0,0.18823529411764706,29,0.0017069986946480571,0.0025188974037202525,0.18823529411764706,0.19078947368421054,5.837337374016116
179,250,13.034693897999999,77.6244286388,310.5,0.18,27,0.005020584396023697,0.0070461048995958415,0.18,0.17763157894736842,5.7969354120750705
145,151,12.911071859602648,77.57320551854305,191.75,0.039735099337748346,49,0.003032432975198313,0.004351338533003229,0.039735099337748346,0.3223684210526316,5.696579336431777
107,93,12.988158483870967,77.57236848924731,58.0,0.23655913978494625,18,0.0018676573953208154,0.0013161806253673392,0.23655913978494625,0.11842105263157894,5.433379833122196
278,72,12.971062802777778,77.59276129722222,76.5,0.2222222222222222,19,0.0014459283060548247,0.0017359968593207145,0.2222222222222222,0.125,5.321151056887806
168,163,12.894777490184051,77.59911415460122,112.0,0.10429447852760736,36,0.0032734210262074506,0.0025415901731231376,0.10429447852760736,0.23684210526315788,5.3169149945726275
228,105,12.946205640550074,77.58792526833422,64.45,0.19047619047619047,23,0.0021086454463299527,0.0014625489880159485,0.19047619047619047,0.1513157894736842,5.248641022158656
194,147,13.184034953061225,77.68708415306122,149.5,0.08843537414965986,36,0.002952103624861934,0.003392569025731331,0.08843537414965986,0.23684210526315788,5.103428060967377
54,100,12.985428355,77.594120234,94.0,0.09,36,0.0020082337584094788,0.0021331203238712047,0.09,0.23684210526315788,5.048203404654501
112,58,12.895207403448277,77.67584750344828,29.0,0.27586206896551724,8,0.0011647755798774976,0.0006580903126836696,0.27586206896551724,0.05263157894736842,4.988671598596956
170,78,12.98005687051282,77.65219768589743,79.3,0.21794871794871795,15,0.0015664223315593935,0.001799536613648793,0.21794871794871795,0.09868421052631579,4.868468061618239
245,52,12.967247807692306,77.59431278269231,55.75,0.17307692307692307,22,0.001044281554372929,0.0012651218942108476,0.17307692307692307,0.14473684210526316,4.8491398001324155
234,50,13.0128273,77.62634041,45.8,0.14,27,0.0010041168792047394,0.00103932883865214,0.14,0.17763157894736842,4.836170344132754
152,48,12.91440683309267,77.48129815391364,43.25,0.14583333333333334,26,0.0009639522040365498,0.0009814622766747831,0.14583333333333334,0.17105263157894737,4.821466530872298
242,44,12.974206309090908,77.56623379999999,29.15,0.20454545454545456,12,0.0008836228537001707,0.0006614942280941023,0.20454545454545456,0.07894736842105263,4.3053607992323775
18,208,12.934981424038462,77.53649808750001,113.0,0.04326923076923077,32,0.004177126217491716,0.0025642829425260227,0.04326923076923077,0.21052631578947367,4.034818302606358
156,130,13.003462670000001,77.72350343384615,111.0,0.007692307692307693,37,0.0026107038859323225,0.0025188974037202525,0.007692307692307693,0.24342105263157895,3.9457774175850795
101,113,13.047097261946902,77.50100683451326,60.9,0.19469026548672566,8,0.002269304147002711,0.001381989656635706,0.19469026548672566,0.05263157894736842,3.833186377186921
275,41,13.184175834146341,77.68977667073172,41.0,0.17073170731707318,12,0.0008233758409478863,0.0009304035455182915,0.17073170731707318,0.07894736842105263,3.8071035531210553
268,61,13.04736639672131,77.57164197049181,66.2,0.06557377049180328,26,0.0012250225926297821,0.0015022613344709975,0.06557377049180328,0.17105263157894737,3.646237162218993
199,53,12.907839157434607,77.53285813516625,38.5,0.018867924528301886,32,0.001064363891957024,0.0008736716220110786,0.018867924528301886,0.21052631578947367,3.507791386405787
258,254,12.958574692519685,77.66825492440944,179.0,0.06692913385826772,20,0.0051009137463600765,0.004062005723116443,0.06692913385826772,0.13157894736842105,3.2931288597157917
308,82,12.922282297560974,77.5807084304878,45.5,0.12195121951219512,12,0.0016467516818957726,0.0010325210078312747,0.12195121951219512,0.07894736842105263,3.1041822097688403
244,52,12.96792869423077,77.59240813269231,55.75,0.09615384615384616,15,0.001044281554372929,0.0012651218942108476,0.09615384615384616,0.09868421052631579,3.0045041726020507
256,111,12.974538003603605,77.71091172972973,205.0,0.02702702702702703,18,0.0022291394718345217,0.004652017727591457,0.02702702702702703,0.11842105263157894,2.4346760881377834
321,52,12.999597434615385,77.59687037115386,51.5,0.11538461538461539,6,0.001044281554372929,0.0011686776242485857,0.11538461538461539,0.039473684210526314,2.400950045528257
153,79,12.922552487228806,77.62262845950144,47.5,0.012658227848101266,18,0.0015865046691434883,0.001077906546637045,0.012658227848101266,0.11842105263157894,2.0569006091349897
274,41,12.983936874472384,77.6406413213878,41.75,0.04878048780487805,9,0.0008233758409478863,0.0009474231225704554,0.04878048780487805,0.05921052631578947,1.6824634119412676
204,52,12.901465565384616,77.59379572115384,63.0,0.0,16,0.001044281554372929,0.0014296444723817649,0.0,0.10526315789473684,1.6674615939475108
322,42,13.018573257142856,77.59215962619048,29.0,0.047619047619047616,9,0.0008434581785319811,0.0006580903126836696,0.047619047619047616,0.05921052631578947,1.6540709668858626
293,43,12.926974744186047,77.59706979767442,67.3,0.046511627906976744,8,0.0008635405161160759,0.001527223380814171,0.046511627906976744,0.05263157894736842,1.5741432535312265
257,61,12.956589104918033,77.70858566885245,115.0,0.0,12,0.0012250225926297821,0.0026096684813317933,0.0,0.07894736842105263,1.3253479433479547
313,128,12.99161359609375,77.652420359375,143.3,0.0,4,0.002570539210764133,0.0032518738554334434,0.0,0.02631578947368421,0.6019279726455248
265,45,12.977897302222221,77.71308920888889,36.5,0.0,2,0.0009037051912842655,0.0008282860832053082,0.0,0.013157894736842105,0.2576110201193718
